ID;Bedingung;Block;Frame;Framerate;Position_x;Position_y;Position_z;Rotation_x;Rotation_y;Rotation_z;Timestamp
11;VRslow;2;0;0,3333333;17,87312;13,41474;31,88;9,768656;270;8,663347E-07;3,366922
11;VRslow;2;1;0,0675595;17,8967;13,29856;31,88;9,085512;270;1,296932E-06;3,388879
11;VRslow;2;2;0,0069844;17,91863;13,19051;31,88;8,450061;270;4,315717E-07;3,395149
11;VRslow;2;3;0,0115738;17,93902;13,09002;31,88;7,858984;270;4,309343E-07;3,406648
11;VRslow;2;4;0,0105816;17,95799;12,99657;31,88;7,309201;270;4,303841E-07;3,417286
11;VRslow;2;5;0,0121203;17,97563;12,90966;31,88;6,797833;270;6,448636E-07;3,429388
11;VRslow;2;6;0,0117053;17,99203;12,82883;31,88;6,322208;270;6,442483E-07;3,441125
11;VRslow;2;7;0,0107773;18,00729;12,75366;31,88;5,879833;270;4,291446E-07;3,451849
11;VRslow;2;8;0,0236346;18,02148;12,68375;31,88;5,468389;270;4,288385E-07;3,475657
11;VRslow;2;9;0,0096307;18,03467;12,61874;31,88;5,085718;270;4,28574E-07;3,485149
11;VRslow;2;10;0,0104962;18,04694;12,55828;31,88;4,729812;270;2,141727E-07;3,495725
11;VRslow;2;11;0,0116924;18,05836;12,50205;31,88;4,3988;270;2,14074E-07;3,507303
11;VRslow;2;12;0,0110467;18,06897;12,44975;31,88;4,090943;270;2,139887E-07;3,518382
11;VRslow;2;13;0,0105014;18,07884;12,40112;31,88;3,804627;270;4,278297E-07;3,528895
11;VRslow;2;14;0,0112505;18,08802;12,35589;31,88;3,538343;270;3,207766E-07;3,540167
11;VRslow;2;15;0,0109414;18,09656;12,31383;31,88;3,29069;270;2,137959E-07;3,551017
11;VRslow;2;16;0,0111709;18,10449;12,27471;31,88;3,060367;270;3,206224E-07;3,562214
11;VRslow;2;17;0,0115295;18,11188;12,23833;31,88;2,846162;270;3,205605E-07;3,573755
11;VRslow;2;18;0,0107628;18,11874;12,2045;31,88;2,646947;270;3,205071E-07;3,584476
11;VRslow;2;19;0,0113442;18,12513;12,17303;31,88;2,461674;270;2,136406E-07;3,595867
11;VRslow;2;20;0,0114236;18,13107;12,14377;31,88;2,289367;270;3,204209E-07;3,607315
11;VRslow;2;21;0,0107779;18,13659;12,11655;31,88;2,12912;270;2,135908E-07;3,618028
11;VRslow;2;22;0,0118259;18,14173;12,09124;31,88;1,980088;270;3,203564E-07;3,629849
11;VRslow;2;23;0,0108453;18,14651;12,06771;31,88;1,841488;270;2,135537E-07;3,640698
11;VRslow;2;24;0,0119379;18,15095;12,04582;31,88;1,712588;270;2,135388E-07;3,652646
11;VRslow;2;25;0,0102743;18,15508;12,02546;31,88;1,592711;270;2,135259E-07;3,662897
11;VRslow;2;26;0,0111922;18,15892;12,00653;31,88;1,481223;270;1,601361E-07;3,67411
11;VRslow;2;27;0,011194;18,1625;11,98892;31,88;1,37754;270;1,601288E-07;3,685307
11;VRslow;2;28;0,0115153;18,16582;11,97254;31,88;1,281114;270;1,601226E-07;3,696815
11;VRslow;2;29;0,0106508;18,16891;11,95731;31,88;1,191438;270;1,601172E-07;3,707443
11;VRslow;2;30;0,0111495;18,17178;11,94315;31,88;1,108038;270;1,067417E-07;3,718629
11;VRslow;2;31;0,0111787;18,17446;11,92998;31,88;1,030477;270;1,06739E-07;3,729787
11;VRslow;2;32;0,0118681;18,17694;11,91773;31,88;0,9583442;270;5,336831E-08;3,741675
11;VRslow;2;33;0,0110782;18,17925;11,90634;31,88;0,8912607;270;8,005095E-08;3,752759
11;VRslow;2;34;0,010692;18,1814;11,89574;31,88;0,8288729;270;8,004965E-08;3,763445
11;VRslow;2;35;0,0110426;18,1834;11,88589;31,88;0,7708521;270;8,004852E-08;3,774477
11;VRslow;2;36;0,0112751;18,18526;11,87673;31,88;0,7168929;270;8,004755E-08;3,785772
11;VRslow;2;37;0,0111416;18,18699;11,86821;31,88;0,6667107;270;8,00467E-08;3,796909
11;VRslow;2;38;0,0111965;18,1886;11,86028;31,88;0,6200411;270;8,004596E-08;3,808081
11;VRslow;2;39;0,0114164;18,19009;11,85291;31,88;0,5766384;270;5,336356E-08;3,819534
11;VRslow;2;40;0,0113833;18,19148;11,84606;31,88;0,536274;270;8,004477E-08;3,831043
11;VRslow;2;41;0,0107345;18,19278;11,83968;31,88;0,4987348;270;8,004431E-08;3,84161
11;VRslow;2;42;0,011;18,19398;11,83375;31,88;0,4638234;270;8,00439E-08;3,852643
11;VRslow;2;43;0,0114526;18,1951;11,82824;31,88;0,4313558;270;6,670296E-08;3,866774
11;VRslow;2;44;0,0121064;18,19614;11,82311;31,88;0,401161;270;8,004324E-08;3,876189
11;VRslow;2;45;0,0100322;18,19711;11,81834;31,88;0,3730798;270;5,336198E-08;3,886204
11;VRslow;2;46;0,0112165;18,19801;11,81391;31,88;0,3469642;270;5,336183E-08;3,897426
11;VRslow;2;47;0,0111783;18,19885;11,80978;31,88;0,3226768;270;4,002127E-08;3,908609
11;VRslow;2;48;0,0112606;18,19963;11,80595;31,88;0,3000894;270;4,002119E-08;3,919917
11;VRslow;2;49;0,0116242;18,20035;11,80238;31,88;0,2790832;270;4,002112E-08;3,931515
11;VRslow;2;50;0,0106095;18,20103;11,79906;31,88;0,2595474;270;4,002105E-08;3,94213
11;VRslow;2;51;0,0111865;18,20165;11,79598;31,88;0,2413791;270;4,002099E-08;3,953297
11;VRslow;2;52;0,0111229;18,20223;11,79311;31,88;0,2244826;270;4,002094E-08;3,964404
11;VRslow;2;53;0,01115;18,20278;11,79044;31,88;0,2087688;270;3,335075E-08;3,975585
11;VRslow;2;54;0,011996;18,20328;11,78796;31,88;0,194155;270;2,001043E-08;3,987625
11;VRslow;2;55;0,0106466;18,20375;11,78565;31,88;0,1805642;270;1,334028E-08;3,99822
11;VRslow;2;56;0,0111038;18,20418;11,78351;31,88;0,1679247;270;6,670135E-09;4,00931
11;VRslow;2;57;0,0111347;18,20459;11,78151;31,88;0,15617;270;6,670131E-09;4,020456
11;VRslow;2;58;0,0117801;18,20497;11,77966;31,88;0,1452381;270;1,334026E-08;4,03224
11;VRslow;2;59;0,0116844;18,20532;11,77793;31,88;0,1350714;270;6,670125E-09;4,043899
11;VRslow;2;60;0,0120461;18,20564;11,77632;31,88;0,1256164;270;1,334025E-08;4,05596
11;VRslow;2;61;0,0122797;18,20595;11,77483;31,88;0,1168232;270;6,67012E-09;4,068399
11;VRslow;2;62;0,0127021;18,20623;11,77344;31,88;0,1086456;270;1,000518E-08;4,080945
11;VRslow;2;63;0,010644;18,20649;11,77215;31,88;0,1010404;270;6,670117E-09;4,091599
11;VRslow;2;64;0,0116427;18,20674;11,77095;31,88;0,09396761;270;1,000517E-08;4,103243
11;VRslow;2;65;0,0111269;18,20696;11,76983;31,88;0,08738987;270;6,670115E-09;4,114359
11;VRslow;2;66;0,0106623;18,20717;11,76879;31,88;0,08127259;270;1,000517E-08;4,125035
11;VRslow;2;67;0,0115513;18,20737;11,76782;31,88;0,07558351;270;1,000517E-08;4,136569
11;VRslow;2;68;0,010838;18,20755;11,76693;31,88;0,07029266;270;6,670112E-09;4,147417
11;VRslow;2;69;0,0115686;18,20772;11,76609;31,88;0,06537218;270;1,000516E-08;4,158971
11;VRslow;2;70;0,0107215;18,20788;11,76531;31,88;0,06079613;270;6,67011E-09;4,170194
11;VRslow;2;71;0,0112527;18,20802;11,76459;31,88;0,05654039;270;6,67011E-09;4,180959
11;VRslow;2;72;0,0114345;18,20816;11,76392;31,88;0,05258257;270;6,67011E-09;4,192385
11;VRslow;2;73;0,0108576;18,20829;11,76329;31,88;0,04890179;270;5,002582E-09;4,203247
11;VRslow;2;74;0,0115585;18,2084;11,76271;31,88;0,04547866;270;3,335054E-09;4,214876
11;VRslow;2;75;0,0115782;18,20852;11,76217;31,88;0,04229516;270;5,002581E-09;4,226406
11;VRslow;2;76;0,0103337;18,20862;11,76167;31,88;0,0393345;270;5,002581E-09;4,236729
11;VRslow;2;77;0,0113198;18,20871;11,7612;31,88;0,03658109;270;3,335054E-09;4,248044
11;VRslow;2;78;0,0113869;18,2088;11,76077;31,88;0,03402041;270;1,667527E-09;4,259437
11;VRslow;2;79;0,0112055;18,20888;11,76036;31,88;0,03163898;270;1,667527E-09;4,270636
11;VRslow;2;80;0,0117467;18,20896;11,75999;31,88;0,02942425;270;1,667527E-09;4,282377
11;VRslow;2;81;0,0104734;18,20902;11,75964;31,88;0,02736455;270;8,337634E-10;4,292883
11;VRslow;2;82;0,0110107;18,20909;11,75931;31,88;0,02544904;270;8,337634E-10;4,303931
11;VRslow;2;83;0,0114223;18,20915;11,75901;31,88;0,0236676;270;8,337634E-10;4,315288
11;VRslow;2;84;0,0110554;18,20921;11,75873;31,88;0,02201087;270;8,337634E-10;4,326342
11;VRslow;2;85;0,0117675;18,20926;11,75847;31,88;0,02047011;270;1,667527E-09;4,338138
11;VRslow;2;86;0,0108789;18,20931;11,75822;31,88;0,01903721;270;8,337632E-10;4,348986
11;VRslow;2;87;0,0110623;18,20936;11,758;31,88;0,0177046;270;8,337632E-10;4,360064
11;VRslow;2;88;0,0109865;18,2094;11,75779;31,88;0,01646528;270;8,337632E-10;4,371073
11;VRslow;2;89;0,0117917;18,20944;11,75759;31,88;0,01531271;270;8,337632E-10;4,382896
11;VRslow;2;90;0,0107326;18,20948;11,75741;31,88;0,01424082;270;0;4,393552
11;VRslow;2;91;0,0109348;18,20951;11,75724;31,88;0,01324396;270;0;4,404503
11;VRslow;2;92;0,0114169;18,20954;11,75708;31,88;0,01231689;270;0;4,415906
11;VRslow;2;93;0,0111587;18,20957;11,75694;31,88;0,0114547;270;0;4,427094
11;VRslow;2;94;0,011165;18,2096;11,7568;31,88;0,01065287;270;0;4,438249
11;VRslow;2;95;0,0114694;18,20963;11,75667;31,88;0,009907173;270;0;4,449681
11;VRslow;2;96;0,0109418;18,20966;11,75656;31,88;0,009213671;270;0;4,460658
11;VRslow;2;97;0,0111567;18,20968;11,75645;31,88;0,008568714;270;0;4,471846
11;VRslow;2;98;0,0118438;18,2097;11,75635;31,88;0,007968904;270;0;4,483646
11;VRslow;2;99;0,0104874;18,20972;11,75625;31,88;0,00741108;270;0;4,494144
11;VRslow;2;100;0,0130136;18,20973;11,75616;31,88;0,006892305;270;0;4,507156
11;VRslow;2;101;0,0093455;18,20975;11,75608;31,88;0,006409844;270;0;4,516487
11;VRslow;2;102;0,0111545;18,20976;11,75601;31,88;0,005961155;270;0;4,527641
11;VRslow;2;103;0,0116532;18,20978;11,75593;31,88;0,005543874;270;0;4,539299
11;VRslow;2;104;0,0116026;18,20979;11,75587;31,88;0,005155803;270;0;4,550936
11;VRslow;2;105;0,0104153;18,20981;11,75581;31,88;0,004794897;270;0;4,561321
11;VRslow;2;106;0,0112854;18,20982;11,75575;31,88;0,004459254;270;0;4,572596
11;VRslow;2;107;0,0108685;18,20983;11,7557;31,88;0,004147106;270;0;4,583457
11;VRslow;2;108;0,0114624;18,20984;11,75565;31,88;0,003856809;270;0;4,594935
11;VRslow;2;109;0,0111381;18,20985;11,7556;31,88;0,003586832;270;0;4,606078
11;VRslow;2;110;0,0108956;18,20986;11,75556;31,88;0,003335754;270;0;4,616966
11;VRslow;2;111;0,0112435;18,20987;11,75552;31,88;0,003102251;270;0;4,628194
11;VRslow;2;112;0,0114915;18,20988;11,75548;31,88;0,002885093;270;0;4,639697
11;VRslow;2;113;0,0108186;18,20988;11,75545;31,88;0,002683137;270;0;4,650515
11;VRslow;2;114;0,0107543;18,20989;11,75542;31,88;0,002495317;270;0;4,66146
11;VRslow;2;115;0,0112417;18,20989;11,75539;31,88;0,002320645;270;0;4,67253
11;VRslow;2;116;0,01088;18,2099;11,75536;31,88;0,0021582;270;0;4,683417
11;VRslow;2;117;0,0123413;18,20991;11,75533;31,88;0,002007126;270;0;4,695728
11;VRslow;2;118;0,0104145;18,20991;11,75531;31,88;0,001866627;270;0;4,70614
11;VRslow;2;119;0,0115402;18,20991;11,75529;31,88;0,001735963;270;0;4,717685
11;VRslow;2;120;0,0106095;18,20992;11,75527;31,88;0,001614446;270;0;4,728347
11;VRslow;2;121;0,0111014;18,20992;11,75525;31,88;0,001501435;270;0;4,73943
11;VRslow;2;122;0,0110909;18,20992;11,75523;31,88;0,001396334;270;0;4,750546
11;VRslow;2;123;0,0113783;18,20993;11,75521;31,88;0,001298591;270;0;4,761883
11;VRslow;2;124;0,0120923;18,20993;11,7552;31,88;0,00120769;270;0;4,773981
11;VRslow;2;125;0,0105707;18,20993;11,75518;31,88;0,001123151;270;0;4,784559
11;VRslow;2;126;0,0107221;18,20994;11,75517;31,88;0,001044531;270;0;4,79523
11;VRslow;2;127;0,0120235;18,20994;11,75516;31,88;0,0009714135;270;0;4,807257
11;VRslow;2;128;0,010137;18,20994;11,75515;31,88;0,0009034146;270;0;4,817426
11;VRslow;2;129;0,0114427;18,20994;11,75513;31,88;0,0008401755;270;0;4,828869
11;VRslow;2;130;0,0120064;18,20994;11,75512;31,88;0,0007813633;270;0;4,840885
11;VRslow;2;131;0,0101157;18,20994;11,75511;31,88;0,0007266678;270;0;4,851012
11;VRslow;2;132;0,0117025;18,20994;11,75511;31,88;0,0006758011;270;0;4,862681
11;VRslow;2;133;0,0110757;18,20994;11,7551;31,88;0,000628495;270;0;4,873774
11;VRslow;2;134;0,0114964;18,20994;11,75509;31,88;0,0005845004;270;0;4,885261
11;VRslow;2;135;0,0103256;18,20994;11,75508;31,88;0,0005435853;270;0;4,895566
11;VRslow;2;136;0,0111835;18,20994;11,75508;31,88;0,0005055343;270;0;4,906766
11;VRslow;2;137;0,0110584;18,20994;11,75507;31,88;0,0004701469;270;0;4,917825
11;VRslow;2;138;0,0118625;18,20994;11,75507;31,88;0,0004372367;270;0;4,929744
11;VRslow;2;139;0,0107049;18,20994;11,75506;31,88;0,0004066301;270;0;4,940389
11;VRslow;2;140;0,0114138;18,20994;11,75506;31,88;0,000378166;270;0;4,951811
11;VRslow;2;141;0,0108288;18,20994;11,75505;31,88;0,0003516944;270;0;4,962658
11;VRslow;2;142;0,0114045;18,20994;11,75505;31,88;0,0003270758;270;0;4,974114
11;VRslow;2;143;0,011494;18,20994;11,75504;31,88;0,0003041805;270;0;4,985562
11;VRslow;2;144;0,0110013;18,20994;11,75504;31,88;0,0002828878;270;0;4,996552
11;VRslow;2;145;0,0107495;18,20994;11,75504;31,88;0,0002630857;270;0;5,007323
11;VRslow;2;146;0,0111339;18,20994;11,75503;31,88;0,0002446697;270;0;5,018427
11;VRslow;2;147;0,0115185;18,20994;11,75503;31,88;0,0002275428;270;0;5,029939
11;VRslow;2;148;0,010835;18,20994;11,75503;31,88;0,0002116148;270;0;5,040759
11;VRslow;2;149;0,0119373;18,20994;11,75502;31,88;0,0001968018;270;0;5,052737
11;VRslow;2;150;0,0103867;18,20994;11,75502;31,88;0,0001830256;270;0;5,063096
11;VRslow;2;151;0,0114161;18,20994;11,75502;31,88;0,0001702138;270;0;5,074502
11;VRslow;2;152;0,0110223;18,20994;11,75502;31,88;0,0001582989;270;0;5,085542
11;VRslow;2;153;0,0111989;18,20994;11,75502;31,88;0,000147218;270;0;5,096829
11;VRslow;2;154;0,0113445;18,20994;11,75502;31,88;0,0001369127;270;0;5,108099
11;VRslow;2;155;0,0114166;18,20994;11,75501;31,88;0,0001273288;270;0;5,119491
11;VRslow;2;156;0,0108344;18,20994;11,75501;31,88;0,0001184158;270;0;5,130332
11;VRslow;2;157;0,0109078;18,20994;11,75501;31,88;0,0001101267;270;0;5,141247
11;VRslow;2;158;0,0111174;18,20994;11,75501;31,88;0,0001024178;270;0;5,15236
11;VRslow;2;159;0,0112777;18,20994;11,75501;31,88;9,524856E-05;270;0;5,163632
11;VRslow;2;160;0,0112853;18,20994;11,75501;31,88;8,858116E-05;270;0;5,175117
11;VRslow;2;161;0,0109385;18,20994;11,75501;31,88;8,238047E-05;270;0;5,185857
11;VRslow;2;162;0,0113626;18,20994;11,75501;31,88;7,661384E-05;270;0;5,197237
11;VRslow;2;163;0,0112795;18,20994;11,75501;31,88;7,125088E-05;270;0;5,208531
11;VRslow;2;164;0,0109869;18,20994;11,75501;31,88;6,626332E-05;270;0;5,219504
11;VRslow;2;165;0,0111299;18,20994;11,75501;31,88;6,162488E-05;270;0;5,230621
11;VRslow;2;166;0,0113822;18,20994;11,75501;31,88;5,731114E-05;270;0;5,242013
11;VRslow;2;167;0,0108579;18,20994;11,75501;31,88;5,329936E-05;270;0;5,252865
11;VRslow;2;168;0,0114625;18,20994;11,75501;31,88;4,956841E-05;270;0;5,264659
11;VRslow;2;169;0,0110669;18,20994;11,75501;31,88;4,609862E-05;270;0;5,275374
11;VRslow;2;170;0,0112986;18,20994;11,75501;31,88;4,287171E-05;270;0;5,286738
11;VRslow;2;171;0,0112576;18,20994;11,75501;31,88;3,987069E-05;270;0;5,297974
11;VRslow;2;172;0,0116264;18,20994;11,75501;31,88;3,707974E-05;270;0;5,309581
11;VRslow;2;173;0,0112896;18,20994;11,75501;31,88;3,448416E-05;270;0;5,320854
11;VRslow;2;174;0,0109815;18,20994;11,75501;31,88;3,207027E-05;270;0;5,331831
11;VRslow;2;175;0,0110294;18,20994;11,75501;31,88;2,982535E-05;270;0;5,342859
11;VRslow;2;176;0,0110228;18,20994;11,75501;31,88;2,773758E-05;270;0;5,35386
11;VRslow;2;177;0,0125017;18,20994;11,75501;31,88;2,579595E-05;270;0;5,366385
11;VRslow;2;178;0,009949;18,20994;11,75501;31,88;2,399023E-05;270;0;5,376336
11;VRslow;2;179;0,0107308;18,20994;11,75501;31,88;2,231091E-05;270;0;5,387071
11;VRslow;2;180;0,0113543;18,20994;11,75501;31,88;2,074915E-05;270;0;5,39846
11;VRslow;2;181;0,0113395;18,20994;11,75501;31,88;1,929671E-05;270;0;5,409766
11;VRslow;2;182;0,0109089;18,20994;11,75501;31,88;1,794594E-05;270;0;5,420687
11;VRslow;2;183;0,0114196;18,20994;11,75501;31,88;1,668972E-05;270;0;5,432121
11;VRslow;2;184;0,0123403;18,20994;11,75501;31,88;1,552144E-05;270;0;5,444497
11;VRslow;2;185;0,0096727;18,20994;11,75501;31,88;1,443494E-05;270;0;5,45411
11;VRslow;2;186;0,0112313;18,20994;11,75501;31,88;1,34245E-05;270;0;5,465345
11;VRslow;2;187;0,0113086;18,20994;11,75501;31,88;1,248478E-05;270;0;5,476675
11;VRslow;2;188;0,0115699;18,20994;11,75501;31,88;1,161085E-05;270;0;5,488327
11;VRslow;2;189;0,0107792;18,20994;11,75501;31,88;1,079809E-05;270;0;5,499316
11;VRslow;2;190;0,0112009;18,20994;11,75501;31,88;1,004222E-05;270;0;5,510362
11;VRslow;2;191;0,0108592;18,20994;11,75501;31,88;9,339266E-06;270;0;5,521055
11;VRslow;2;192;0,0113038;18,20994;11,75501;31,88;8,685518E-06;270;0;5,532365
11;VRslow;2;193;0,0114609;18,20994;11,75501;31,88;8,077532E-06;270;0;5,543837
11;VRslow;2;194;0,0108965;18,20994;11,75501;31,88;7,512105E-06;270;0;5,554736
11;VRslow;2;195;0,0112027;18,20994;11,75501;31,88;6,986257E-06;270;0;5,565914
11;VRslow;2;196;0,0113936;18,20994;11,75501;31,88;6,497219E-06;270;0;5,577335
11;VRslow;2;197;0,010818;18,20994;11,75501;31,88;6,042414E-06;270;0;5,588144
11;VRslow;2;198;0,0117788;18,20994;11,75501;31,88;5,619445E-06;270;0;5,599918
11;VRslow;2;199;0,0108858;18,20994;11,75501;31,88;5,226084E-06;270;0;5,610797
11;VRslow;2;200;0,0112044;18,20994;11,75501;31,88;4,860258E-06;270;0;5,622025
11;VRslow;2;201;0,0111159;18,20994;11,75501;31,88;4,52004E-06;270;0;5,633446
11;VRslow;2;202;0,0109474;18,20994;11,75501;31,88;4,203637E-06;270;0;5,644063
11;VRslow;2;203;0,0112313;18,20994;11,75501;31,88;3,909383E-06;270;0;5,655317
11;VRslow;2;204;0,0111147;18,20994;11,75501;31,88;3,635726E-06;270;0;5,666461
11;VRslow;2;205;0,0114567;18,20994;11,75501;31,88;3,381225E-06;270;0;5,677867
11;VRslow;2;206;0,0112156;18,20994;11,75501;31,88;3,14454E-06;270;0;5,689123
11;VRslow;2;207;0,0117093;18,20994;11,75501;31,88;2,924422E-06;270;0;5,700927
11;VRslow;2;208;0,0105617;18,20994;11,75501;31,88;2,719712E-06;270;0;5,711191
11;VRslow;2;209;0,0110016;18,20994;11,75501;31,88;2,529333E-06;270;0;5,722382
11;VRslow;2;210;0,0110942;18,20994;11,75501;31,88;2,352279E-06;270;0;5,73345
11;VRslow;2;211;0,0112375;18,20994;11,75501;31,88;2,187619E-06;270;0;5,744693
11;VRslow;2;212;0,0117563;18,20994;11,75501;31,88;2,034486E-06;270;0;5,756556
11;VRslow;2;213;0,0107813;18,20994;11,75501;31,88;1,892072E-06;270;0;5,767491
11;VRslow;2;214;0,0113038;18,20994;11,75501;31,88;1,759627E-06;270;0;5,778532
11;VRslow;2;215;0,0115144;18,20994;11,75501;31,88;1,636453E-06;270;0;5,790026
11;VRslow;2;216;0,0110579;18,20994;11,75501;31,88;1,521901E-06;270;0;5,801107
11;VRslow;2;217;0,0113011;18,20994;11,75501;31,88;1,415368E-06;270;0;5,812395
11;VRslow;2;218;0,0110732;18,20994;11,75501;31,88;1,316292E-06;270;0;5,823492
11;VRslow;2;219;0,0110223;18,20994;11,75501;31,88;1,224152E-06;270;0;5,834833
11;VRslow;2;220;0,0105259;18,20994;11,75501;31,88;1,138461E-06;270;0;5,845026
11;VRslow;2;221;0,0115764;18,20994;11,75501;31,88;1,058769E-06;270;0;5,856582
11;VRslow;2;222;0,0114096;18,20994;11,75501;31,88;9,846551E-07;270;0;5,868001
11;VRslow;2;223;0,010459;18,20994;11,75501;31,88;9,157293E-07;270;0;5,87849
11;VRslow;2;224;0,0110093;18,20994;11,75501;31,88;8,516283E-07;270;0;5,889485
11;VRslow;2;225;0,0112767;18,20994;11,75501;31,88;7,920143E-07;270;0;5,900748
11;VRslow;2;226;0,0114426;18,20994;11,75501;31,88;7,365733E-07;270;0;5,912208
11;VRslow;2;227;0,0109792;18,20994;11,75501;31,88;6,850132E-07;270;0;5,923186
11;VRslow;2;228;0,0108629;18,20994;11,75501;31,88;6,370622E-07;270;0;5,934073
11;VRslow;2;229;0,0113682;18,20994;11,75501;31,88;5,924679E-07;270;0;5,945397
11;VRslow;2;230;0,0113026;18,20994;11,75501;31,88;5,509951E-07;270;0;5,956719
11;VRslow;2;231;0,0110342;18,20994;11,75501;31,88;5,124254E-07;270;0;5,967939
11;VRslow;2;232;0,0115068;18,20994;11,75501;31,88;4,765557E-07;270;0;5,979281
11;VRslow;2;233;0,0115917;18,20994;11,75501;31,88;4,431968E-07;270;0;5,990843
11;VRslow;2;234;0,0104249;18,20994;11,75501;31,88;4,12173E-07;270;0;6,001282
11;VRslow;2;235;0,0112156;18,20994;11,75501;31,88;3,833209E-07;270;0;6,012491
11;VRslow;2;236;0,0112072;18,20994;11,75501;31,88;3,564884E-07;270;0;6,023697
11;VRslow;2;237;0,0110262;18,20994;11,75501;31,88;3,315342E-07;270;0;6,034714
11;VRslow;2;238;0,0111989;18,20994;11,75501;31,88;3,083268E-07;270;0;6,045914
11;VRslow;2;239;0,0113248;18,20994;11,75501;31,88;2,86744E-07;270;0;6,057258
11;VRslow;2;240;0,0108936;18,20994;11,75501;31,88;2,666719E-07;270;0;6,068184
11;VRslow;2;241;0,0112983;18,20994;11,75501;31,88;2,480049E-07;270;0;6,079424
11;VRslow;2;242;0,0118049;18,20994;11,75501;31,88;2,306445E-07;270;0;6,091243
11;VRslow;2;243;0,0104665;18,20994;11,75501;31,88;2,144994E-07;270;0;6,101702
11;VRslow;2;244;0,0118039;18,20994;11,75501;31,88;1,994844E-07;270;0;6,113556
11;VRslow;2;245;0,0108581;18,20994;11,75501;31,88;1,855205E-07;270;0;6,124576
11;VRslow;2;246;0,010734;18,20994;11,75501;31,88;1,725341E-07;270;0;6,13507
11;VRslow;2;247;0,0114127;18,20994;11,75501;31,88;1,604567E-07;270;0;6,146522
11;VRslow;2;248;0,0110807;18,20994;11,75501;31,88;1,492247E-07;270;0;6,15759
11;VRslow;2;249;0,0112326;18,20994;11,75501;31,88;1,38779E-07;270;0;6,168854
11;VRslow;2;250;0,0124251;18,20994;11,75501;31,88;1,290645E-07;270;0;6,18126
11;VRslow;2;251;0,0104506;18,20994;11,75501;31,88;1,2003E-07;270;0;6,191698
11;VRslow;2;252;0,0106441;18,20994;11,75501;31,88;1,116279E-07;270;0;6,202352
11;VRslow;2;253;0,0115081;18,20994;11,75501;31,88;1,038139E-07;270;0;6,213858
11;VRslow;2;254;0,0110691;18,20994;11,75501;31,88;9,654694E-08;270;0;6,224925
11;VRslow;2;255;0,0119853;18,20994;11,75501;31,88;8,978866E-08;270;0;6,236887
11;VRslow;2;256;0,0102621;18,20994;11,75501;31,88;8,350345E-08;270;0;6,247169
11;VRslow;2;257;0,0115438;18,20994;11,75501;31,88;7,765821E-08;270;0;6,258728
11;VRslow;2;258;0,0109908;18,20994;11,75501;31,88;7,222214E-08;270;0;6,269698
11;VRslow;2;259;0,0113525;18,20994;11,75501;31,88;6,716659E-08;270;0;6,281063
11;VRslow;2;260;0,0118667;18,20994;11,75501;31,88;6,246493E-08;270;0;6,292911
11;VRslow;2;261;0,0100992;18,20994;11,75501;31,88;5,809239E-08;270;0;6,303042
11;VRslow;2;262;0,0112611;18,20994;11,75501;31,88;5,402592E-08;270;0;6,314277
11;VRslow;2;263;0,0112283;18,20994;11,75501;31,88;5,02441E-08;270;0;6,32552
11;VRslow;2;264;0,0117859;18,20994;11,75501;31,88;4,672702E-08;270;0;6,337355
11;VRslow;2;265;0,0115887;18,20994;11,75501;31,88;4,345613E-08;270;0;6,34887
11;VRslow;2;266;0,010104;18,20994;11,75501;31,88;4,04142E-08;270;0;6,358994
11;VRslow;2;267;0,0111728;18,20994;11,75501;31,88;3,758521E-08;270;0;6,370174
11;VRslow;2;268;0,0122596;18,20994;11,75501;31,88;3,495424E-08;270;0;6,382433
11;VRslow;2;269;0,0101261;18,20994;11,75501;31,88;3,250744E-08;270;0;6,392547
11;VRslow;2;270;0,0111021;18,20994;11,75501;31,88;3,023192E-08;270;0;6,403634
11;VRslow;2;271;0,0112633;18,20994;11,75501;31,88;2,811569E-08;270;0;6,414917
11;VRslow;2;272;0,0120553;18,20994;11,75501;31,88;2,614759E-08;270;0;6,426966
11;VRslow;2;273;0,0101151;18,20994;11,75501;31,88;2,431726E-08;270;0;6,437077
11;VRslow;2;274;0,011383;18,20994;11,75501;31,88;2,261505E-08;270;0;6,448465
11;VRslow;2;275;0,0112136;18,20994;11,75501;31,88;2,1032E-08;270;0;6,459711
11;VRslow;2;276;0,0110487;18,20994;11,75501;31,88;1,955976E-08;270;0;6,470725
11;VRslow;2;277;0,0113028;18,21;11,755;31,88;0;270;0;6,482232
11;VRslow;2;278;0,0110242;18,21;11,755;31,88;0;270;0;6,493062
11;VRslow;2;279;0,0114017;18,21;11,755;31,88;0;270;0;6,504511
11;VRslow;2;280;0,0112647;18,21;11,755;31,88;0;270;0;6,515727
11;VRslow;2;281;0,0119134;18,21;11,755;31,88;0;270;0;6,527612
11;VRslow;2;282;0,010988;18,21;11,755;31,88;0;270;0;6,538631
11;VRslow;2;283;0,0104139;18,21;11,755;31,88;0;270;0;6,549047
11;VRslow;2;284;0,0111439;18,21;11,755;31,88;0;270;0;6,560172
11;VRslow;2;285;0,0119867;18,21;11,755;31,88;0;270;0;6,572165
11;VRslow;2;286;0,0105569;18,21;11,755;31,88;0;270;0;6,58272
11;VRslow;2;287;0,011796;18,21;11,755;31,88;0;270;0;6,59451
11;VRslow;2;288;0,011018;18,21;11,755;31,88;0;270;0;6,605552
11;VRslow;2;289;0,0101116;18,21;11,755;31,88;0;270;0;6,615674
11;VRslow;2;290;0,0113072;18,21;11,755;31,88;0;270;0;6,626984
11;VRslow;2;291;0,011077;18,21;11,755;31,88;0;270;0;6,638432
11;VRslow;2;292;0,0112797;18,21;11,755;31,88;0;270;0;6,649323
11;VRslow;2;293;0,0112352;18,21;11,755;31,88;0;270;0;6,660545
11;VRslow;2;294;0,0111036;18,21;11,755;31,88;0;270;0;6,67173
11;VRslow;2;295;0,0112785;18,21;11,755;31,88;0;270;0;6,682966
11;VRslow;2;296;0,0121625;18,21;11,755;31,88;0;270;0;6,695135
11;VRslow;2;297;0,0099033;18,21;11,755;31,88;0;270;0;6,705031
11;VRslow;2;298;0,0113237;18,21;11,755;31,88;0;270;0;6,716397
11;VRslow;2;299;0,0113041;18,21;11,755;31,88;0;270;0;6,727622
11;VRslow;2;300;0,0113313;18,21;11,755;31,88;0;270;0;6,73898
11;VRslow;2;301;0,0107136;18,21;11,755;31,88;0;270;0;6,749687
11;VRslow;2;302;0,0113699;18,21;11,755;31,88;0;270;0;6,761041
11;VRslow;2;303;0,011153;18,21;11,755;31,88;0;270;0;6,772197
11;VRslow;2;304;0,0110155;18,21;11,755;31,88;0;270;0;6,783202
11;VRslow;2;305;0,0118872;18,21;11,755;31,88;0;270;0;6,795111
11;VRslow;2;306;0,010656;18,21;11,755;31,88;0;270;0;6,806098
11;VRslow;2;307;0,0108477;18,21;11,755;31,88;0;270;0;6,816628
11;VRslow;2;308;0,0113928;18,21;11,755;31,88;0;270;0;6,827993
11;VRslow;2;309;0,0116663;18,21;11,755;31,88;0;270;0;6,839676
11;VRslow;2;310;0,0106232;18,21;11,755;31,88;0;270;0;6,850333
11;VRslow;2;311;0,0111342;18,21;11,755;31,88;0;270;0;6,86143
11;VRslow;2;312;0,0112738;18,21;11,755;31,88;0;270;0;6,872719
11;VRslow;2;313;0,0110279;18,21;11,755;31,88;0;270;0;6,883729
11;VRslow;2;314;0,0115573;18,21;11,755;31,88;0;270;0;6,895287
11;VRslow;2;315;0,0119237;18,21;11,755;31,88;0;270;0;6,907209
11;VRslow;2;316;0,0102096;18,21;11,755;31,88;0;270;0;6,917423
11;VRslow;2;317;0,0114332;18,21;11,755;31,88;0;270;0;6,928853
11;VRslow;2;318;0,0112765;18,21;11,755;31,88;0;270;0;6,940122
11;VRslow;2;319;0,0112303;18,21;11,755;31,88;0;270;0;6,951359
11;VRslow;2;320;0,011462;18,21;11,755;31,88;0;270;0;6,962849
11;VRslow;2;321;0,0108933;18,21;11,755;31,88;0;270;0;6,973714
11;VRslow;2;322;0,0110462;18,21;11,755;31,88;0;270;0;6,984748
11;VRslow;2;323;0,0113637;18,21;11,755;31,88;0;270;0;6,996115
11;VRslow;2;324;0,0112013;18,21;11,755;31,88;0;270;0;7,007314
11;VRslow;2;325;0,011141;18,21;11,755;31,88;0;270;0;7,018668
11;VRslow;2;326;0,0110944;18,21;11,755;31,88;0;270;0;7,029551
11;VRslow;2;327;0,0112685;18,21;11,755;31,88;0;270;0;7,040809
11;VRslow;2;328;0,0109645;18,21;11,755;31,88;0;270;0;7,05178
11;VRslow;2;329;0,0113862;18,21;11,755;31,88;0;270;0;7,06319
11;VRslow;2;330;0,0116875;18,21;11,755;31,88;0;270;0;7,07488
11;VRslow;2;331;0,0105546;18,21;11,755;31,88;0;270;0;7,085453
11;VRslow;2;332;0,010935;18,21;11,755;31,88;0;270;0;7,096883
11;VRslow;2;333;0,0116366;18,21;11,755;31,88;0;270;0;7,10805
11;VRslow;2;334;0,0107056;18,21;11,755;31,88;0;270;0;7,118683
11;VRslow;2;335;0,011721;18,21;11,755;31,88;0;270;0;7,130417
11;VRslow;2;336;0,0107568;18,21;11,755;31,88;0;270;0;7,141461
11;VRslow;2;337;0,011038;18,21;11,755;31,88;0;270;0;7,152207
11;VRslow;2;338;0,0116393;18,21;11,755;31,88;0;270;0;7,163866
11;VRslow;2;339;0,010876;18,21;11,755;31,88;0;270;0;7,174731
11;VRslow;2;340;0,0113132;18,21;11,755;31,88;0;270;0;7,186056
11;VRslow;2;341;0,011346;18,21;11,755;31,88;0;270;0;7,197381
11;VRslow;2;342;0,0108175;18,21;11,755;31,88;0;270;0;7,2082
11;VRslow;2;343;0,0109883;18,21;11,755;31,88;0;270;0;7,219239
11;VRslow;2;344;0,0114842;18,21;11,755;31,88;0;270;0;7,230684
11;VRslow;2;345;0,0117487;18,21;11,755;31,88;0;270;0;7,242433
11;VRslow;2;346;0,0102874;18,21;11,755;31,88;0;270;0;7,252699
11;VRslow;2;347;0,0110655;18,21;11,755;31,88;0;270;0;7,263781
11;VRslow;2;348;0,0111791;18,21;11,755;31,88;0;270;0;7,274943
11;VRslow;2;349;0,010909;18,21;11,755;31,88;0;270;0;7,285872
11;VRslow;2;350;0,0114783;18,21;11,755;31,88;0;270;0;7,297367
11;VRslow;2;351;0,0111092;18,21;11,755;31,88;0;270;0;7,308471
11;VRslow;2;352;0,0125199;18,21;11,755;31,88;0;270;0;7,320959
11;VRslow;2;353;0,010568;18,21;11,755;31,88;0;270;0;7,331553
11;VRslow;2;354;0,0104787;18,21;11,755;31,88;0;270;0;7,342015
11;VRslow;2;355;0,0110199;18,21;11,755;31,88;0;270;0;7,35305
11;VRslow;2;356;0,0112874;18,21;11,755;31,88;0;270;0;7,364317
11;VRslow;2;357;0,0111054;18,21;11,755;31,88;0;270;0;7,375431
11;VRslow;2;358;0,0109715;18,21;11,755;31,88;0;270;0;7,386403
11;VRslow;2;359;0,0112783;18,21;11,755;31,88;0;270;0;7,397695
11;VRslow;2;360;0,0111796;18,21;11,755;31,88;0;270;0;7,408861
11;VRslow;2;361;0,0122219;18,21;11,755;31,88;0;270;0;7,421088
11;VRslow;2;362;0,0108817;18,21;11,755;31,88;0;270;0;7,432
11;VRslow;2;363;0,01056;18,21;11,755;31,88;0;270;0;7,442514
11;VRslow;2;364;0,0110323;18,21;11,755;31,88;0;270;0;7,453557
11;VRslow;2;365;0,012338;18,21;11,755;31,88;0;270;0;7,465884
11;VRslow;2;366;0,0100109;18,21;11,755;31,88;0;270;0;7,475883
11;VRslow;2;367;0,0110849;18,21;11,755;31,88;0;270;0;7,486984
11;VRslow;2;368;0,0113292;18,21;11,755;31,88;0;270;0;7,498335
11;VRslow;2;369;0,0111336;18,21;11,755;31,88;0;270;0;7,509459
11;VRslow;2;370;0,0111832;18,21;11,755;31,88;0;270;0;7,520658
11;VRslow;2;371;0,0109641;18,21;11,755;31,88;0;270;0;7,531599
11;VRslow;2;372;0,0114937;18,21;11,755;31,88;0;270;0;7,54313
11;VRslow;2;373;0,0108179;18,21;11,755;31,88;0;270;0;7,553954
11;VRslow;2;374;0,0114502;18,21;11,755;31,88;0;270;0;7,565495
11;VRslow;2;375;0,013831;18,21;11,755;31,88;0;270;0;7,579408
11;VRslow;2;376;0,0101034;18,21;11,755;31,88;0;270;0;7,589163
11;VRslow;2;377;0,0095473;18,21;11,755;31,88;0;270;0;7,598845
11;VRslow;2;378;0,0113799;18,21;11,755;31,88;0;270;0;7,610237
11;VRslow;2;379;0,0143108;18,21;11,755;31,88;0;270;0;7,624668
11;VRslow;2;380;0,0076716;18,21;11,755;31,88;0;270;0;7,632071
11;VRslow;2;381;0,0119371;18,21;11,755;31,88;0;270;0;7,644135
11;VRslow;2;382;0,0108508;18,21;11,755;31,88;0;270;0;7,655056
11;VRslow;2;383;0,0110782;18,21;11,755;31,88;0;270;0;7,666089
11;VRslow;2;384;0,012926;18,21;11,755;31,88;0;270;0;7,679146
11;VRslow;2;385;0,0090273;18,21;11,755;31,88;0;270;0;7,687884
11;VRslow;2;386;0,0112304;18,21;11,755;31,88;0;270;0;7,699267
11;VRslow;2;387;0,0113776;18,21;11,755;31,88;0;270;0;7,710655
11;VRslow;2;388;0,0108594;18,21;11,755;31,88;0;270;0;7,721881
11;VRslow;2;389;0,0113385;18,21;11,755;31,88;0;270;0;7,732833
11;VRslow;2;390;0,0111688;18,21;11,755;31,88;0;270;0;7,744038
11;VRslow;2;391;0,0115751;18,21;11,755;31,88;0;270;0;7,755611
11;VRslow;2;392;0,01083;18,21;11,755;31,88;0;270;0;7,766486
11;VRslow;2;393;0,0117274;18,21;11,755;31,88;0;270;0;7,77815
11;VRslow;2;394;0,0109688;18,21;11,755;31,88;0;270;0;7,789134
11;VRslow;2;395;0,0117924;18,21;11,755;31,88;0;270;0;7,801038
11;VRslow;2;396;0,0102564;18,21;11,755;31,88;0;270;0;7,811011
11;VRslow;2;397;0,0111794;18,21;11,755;31,88;0;270;0;7,82238
11;VRslow;2;398;0,0123079;18,21;11,755;31,88;0;270;0;7,834802
11;VRslow;2;399;0,011033;18,21;11,755;31,88;0;270;0;7,845697
11;VRslow;2;400;0,0127077;18,21;11,755;31,88;0;270;0;7,858391
11;VRslow;2;401;0,0085328;18,21;11,755;31,88;0;270;0;7,866765
11;VRslow;2;402;0,0117097;18,21;11,755;31,88;0;270;0;7,878786
11;VRslow;2;403;0,0108054;18,21;11,755;31,88;0;270;0;7,889296
11;VRslow;2;404;0,0116939;18,21;11,755;31,88;0;270;0;7,901249
11;VRslow;2;405;0,0114698;18,21;11,755;31,88;0;270;0;7,91263
11;VRslow;2;406;0,011917;18,21;11,755;31,88;0;270;0;7,92451
11;VRslow;2;407;0,0095738;18,21;11,755;31,88;0;270;0;7,934091
11;VRslow;2;408;0,0112674;18,21;11,755;31,88;0;270;0;7,945371
11;VRslow;2;409;0,0113601;18,21;11,755;31,88;0;270;0;7,956733
11;VRslow;2;410;0,0110297;18,21;11,755;31,88;0;270;0;7,967741
11;VRslow;2;411;0,0113323;18,21;11,755;31,88;0;270;0;7,979088
11;VRslow;2;412;0,010757;18,21;11,755;31,88;0;270;0;7,989822
11;VRslow;2;413;0,010752;18,21;11,755;31,88;0;270;0;8,000559
11;VRslow;2;414;0,0115385;18,21;11,755;31,88;0;270;0;8,012131
11;VRslow;2;415;0,0111002;18,21;11,755;31,88;0;270;0;8,023217
11;VRslow;2;416;0,0109017;18,21;11,755;31,88;0;270;0;8,034459
11;VRslow;2;417;0,0114398;18,21;11,755;31,88;0;270;0;8,045547
11;VRslow;2;418;0,0110656;18,21;11,755;31,88;0;270;0;8,056651
11;VRslow;2;419;0,0111088;18,21;11,755;31,88;0;270;0;8,067728
11;VRslow;2;420;0,0111925;18,21;11,755;31,88;0;270;0;8,078963
11;VRslow;2;421;0,0119561;18,21;11,755;31,88;0;270;0;8,091025
11;VRslow;2;422;0,0103276;18,21;11,755;31,88;0;270;0;8,101193
11;VRslow;2;423;0,0112381;18,21;11,755;31,88;0;270;0;8,112508
11;VRslow;2;424;0,0115496;18,21;11,755;31,88;0;270;0;8,124025
11;VRslow;2;425;0,0110715;18,21;11,755;31,88;0;270;0;8,135087
11;VRslow;2;426;0,011721;18,21;11,755;31,88;0;270;0;8,14687
11;VRslow;2;427;0,0107718;18,21;11,755;31,88;0;270;0;8,157585
11;VRslow;2;428;0,0108853;18,21;11,755;31,88;0;270;0;8,16847
11;VRslow;2;429;0,0113687;18,21;11,755;31,88;0;270;0;8,179826
11;VRslow;2;430;0,0113839;18,21;11,755;31,88;0;270;0;8,191201
11;VRslow;2;431;0,0125541;18,21;11,755;31,88;0;270;0;8,203752
11;VRslow;2;432;0,0091883;18,21;11,755;31,88;0;270;0;8,212953
11;VRslow;2;433;0,0113456;18,21;11,755;31,88;0;270;0;8,224305
11;VRslow;2;434;0,0110079;18,21;11,755;31,88;0;270;0;8,235313
11;VRslow;2;435;0,0117387;18,21;11,755;31,88;0;270;0;8,247038
11;VRslow;2;436;0,0115495;18,21;11,755;31,88;0;270;0;8,258602
11;VRslow;2;437;0,010199;18,21;11,755;31,88;0;270;0;8,268798
11;VRslow;2;438;0,0114819;18,21;11,755;31,88;0;270;0;8,280267
11;VRslow;2;439;0,0108872;18,21;11,755;31,88;0;270;0;8,291145
11;VRslow;2;440;0,0110694;18,21;11,755;31,88;0;270;0;8,302274
11;VRslow;2;441;0,0113002;18,21;11,755;31,88;0;270;0;8,313515
11;VRslow;2;442;0,0109544;18,21;11,755;31,88;0;270;0;8,324481
11;VRslow;2;443;0,0112795;18,21;11,755;31,88;0;270;0;8,335739
11;VRslow;2;444;0,0113043;18,21;11,755;31,88;0;270;0;8,34707
11;VRslow;2;445;0,0111417;18,21;11,755;31,88;0;270;0;8,35819
11;VRslow;2;446;0,0111159;18,21;11,755;31,88;0;270;0;8,369752
11;VRslow;2;447;0,01116;18,21;11,755;31,88;0;270;0;8,38051
11;VRslow;2;448;0,0117986;18,21;11,755;31,88;0;270;0;8,392293
11;VRslow;2;449;0,0107212;18,21;11,755;31,88;0;270;0;8,40302
11;VRslow;2;450;0,0125629;18,21;11,755;31,88;0;270;0;8,415562
11;VRslow;2;451;0,0097516;18,21;11,755;31,88;0;270;0;8,425385
11;VRslow;2;452;0,0109501;18,21;11,755;31,88;0;270;0;8,436308
11;VRslow;2;453;0,0114461;18,21;11,755;31,88;0;270;0;8,447722
11;VRslow;2;454;0,0120364;18,21;11,755;31,88;0;270;0;8,45976
11;VRslow;2;455;0,0100701;18,21;11,755;31,88;0;270;0;8,469851
11;VRslow;2;456;0,011364;18,21;11,755;31,88;0;270;0;8,481183
11;VRslow;2;457;0,011092;18,21;11,755;31,88;0;270;0;8,492268
11;VRslow;2;458;0,0109404;18,21;11,755;31,88;0;270;0;8,503222
11;VRslow;2;459;0,01121;18,21;11,755;31,88;0;270;0;8,514447
11;VRslow;2;460;0,0110756;18,21;11,755;31,88;0;270;0;8,525572
11;VRslow;2;461;0,0112167;18,21;11,755;31,88;0;270;0;8,536737
11;VRslow;2;462;0,0112208;18,21;11,755;31,88;0;270;0;8,547984
11;VRslow;2;463;0,0115827;18,21;11,755;31,88;0;270;0;8,559536
11;VRslow;2;464;0,0110713;18,21;11,755;31,88;0;270;0;8,570621
11;VRslow;2;465;0,0109698;18,21;11,755;31,88;0;270;0;8,581546
11;VRslow;2;466;0,0116133;18,21;11,755;31,88;0;270;0;8,593153
11;VRslow;2;467;0,0110105;18,21;11,755;31,88;0;270;0;8,60418
11;VRslow;2;468;0,0116439;18,21;11,755;31,88;0;270;0;8,615803
11;VRslow;2;469;0,0104297;18,21;11,755;31,88;0;270;0;8,62624
11;VRslow;2;470;0,0110165;18,21;11,755;31,88;0;270;0;8,63727
11;VRslow;2;471;0,0112768;18,21;11,755;31,88;0;270;0;8,648562
11;VRslow;2;472;0,0112908;18,21;11,755;31,88;0;270;0;8,659847
11;VRslow;2;473;0,0108491;18,21;11,755;31,88;0;270;0;8,671059
11;VRslow;2;474;0,0132487;18,21;11,755;31,88;0;270;0;8,683931
11;VRslow;2;475;0,0092335;18,21;11,755;31,88;0;270;0;8,69317
11;VRslow;2;476;0,014199;18,21;11,755;31,88;0;270;0;8,710386
11;VRslow;2;477;0,0079219;18,21;11,755;31,88;0;270;0;8,715304
11;VRslow;2;478;0,0094716;18,21;11,755;31,88;0;270;0;8,724748
11;VRslow;2;479;0,0108726;18,21;11,755;31,88;0;270;0;8,735634
11;VRslow;2;480;0,011613;18,21;11,755;31,88;0;270;0;8,747262
11;VRslow;2;481;0,0110885;18,21;11,755;31,88;0;270;0;8,758338
11;VRslow;2;482;0,0108975;18,21;11,755;31,88;0;270;0;8,769229
11;VRslow;2;483;0,0114388;18,21;11,755;31,88;0;270;0;8,780706
11;VRslow;2;484;0,0109839;18,21;11,755;31,88;0;270;0;8,791746
11;VRslow;2;485;0,0112889;18,21;11,755;31,88;0;270;0;8,802931
11;VRslow;2;486;0,0110551;18,21;11,755;31,88;0;270;0;8,814011
11;VRslow;2;487;0,0110835;18,21;11,755;31,88;0;270;0;8,825069
11;VRslow;2;488;0,0116958;18,21;11,755;31,88;0;270;0;8,836779
11;VRslow;2;489;0,0107577;18,21;11,755;31,88;0;270;0;8,847514
11;VRslow;2;490;0,011257;18,21;11,755;31,88;0;270;0;8,858889
11;VRslow;2;491;0,0109934;18,21;11,755;31,88;0;270;0;8,869814
11;VRslow;2;492;0,0121407;18,21;11,755;31,88;0;270;0;8,881922
11;VRslow;2;493;0,0103149;18,21;11,755;31,88;0;270;0;8,892241
11;VRslow;2;494;0,0111239;18,21;11,755;31,88;0;270;0;8,903378
11;VRslow;2;495;0,0113783;18,21;11,755;31,88;0;270;0;8,91476
11;VRslow;2;496;0,0113422;18,21;11,755;31,88;0;270;0;8,926088
11;VRslow;2;497;0,0117332;18,21;11,755;31,88;0;270;0;8,937981
11;VRslow;2;498;0,0101634;18,21;11,755;31,88;0;270;0;8,947984
11;VRslow;2;499;0,0115751;18,21;11,755;31,88;0;270;0;8,959547
11;VRslow;2;500;0,0109157;18,21;11,755;31,88;0;270;0;8,970455
11;VRslow;2;501;0,0113103;18,21;11,755;31,88;0;270;0;8,981775
11;VRslow;2;502;0,0111272;18,21;11,755;31,88;0;270;0;8,992891
11;VRslow;2;503;0,0119409;18,21;11,755;31,88;0;270;0;9,004896
11;VRslow;2;504;0,0102081;18,21;11,755;31,88;0;270;0;9,015045
11;VRslow;2;505;0,0112808;18,21;11,755;31,88;0;270;0;9,026364
11;VRslow;2;506;0,0108814;18,21;11,755;31,88;0;270;0;9,037218
11;VRslow;2;507;0,0113044;18,21;11,755;31,88;0;270;0;9,048537
11;VRslow;2;508;0,0113468;18,21;11,755;31,88;0;270;0;9,059872
11;VRslow;2;509;0,0108944;18,21;11,755;31,88;0;270;0;9,070765
11;VRslow;2;510;0,0116182;18,21;11,755;31,88;0;270;0;9,08238
11;VRslow;2;511;0,0114449;18,21;11,755;31,88;0;270;0;9,093838
11;VRslow;2;512;0,0125982;18,21;11,755;31,88;0;270;0;9,106443
11;VRslow;2;513;0,0098593;18,21;11,755;31,88;0;270;0;9,116291
11;VRslow;2;514;0,0113794;18,21;11,755;31,88;0;270;0;9,127672
11;VRslow;2;515;0,0114147;18,21;11,755;31,88;0;270;0;9,139124
11;VRslow;2;516;0,0112274;18,21;11,755;31,88;0;270;0;9,150327
11;VRslow;2;517;0,0131109;18,21;11,755;31,88;0;270;0;9,163418
11;VRslow;2;518;0,0112308;18,21;11,755;31,88;0;270;0;9,174909
11;VRslow;2;519;0,009498;18,21;11,755;31,88;0;270;0;9,184157
11;VRslow;2;520;0,0116957;18,21;11,755;31,88;0;270;0;9,195854
11;VRslow;2;521;0,011539;18,21;11,755;31,88;0;270;0;9,207378
11;VRslow;2;522;0,0112519;18,21;11,755;31,88;0;270;0;9,218664
11;VRslow;2;523;0,0111748;18,21;11,755;31,88;0;270;0;9,229814
11;VRslow;2;524;0,0111565;18,21;11,755;31,88;0;270;0;9,240982
11;VRslow;2;525;0,0111385;18,21;11,755;31,88;0;270;0;9,252115
11;VRslow;2;526;0,0113859;18,21;11,755;31,88;0;270;0;9,263532
11;VRslow;2;527;0,010908;18,21;11,755;31,88;0;270;0;9,274405
11;VRslow;2;528;0,011069;18,21;11,755;31,88;0;270;0;9,285464
11;VRslow;2;529;0,0114551;18,21;11,755;31,88;0;270;0;9,296917
11;VRslow;2;530;0,0110615;18,21;11,755;31,88;0;270;0;9,307999
11;VRslow;2;531;0,0123545;18,21;11,755;31,88;0;270;0;9,320369
11;VRslow;2;532;0,0099396;18,21;11,755;31,88;0;270;0;9,330276
11;VRslow;2;533;0,0114096;18,21;11,755;31,88;0;270;0;9,341689
11;VRslow;2;534;0,0111067;18,21;11,755;31,88;0;270;0;9,352818
11;VRslow;2;535;0,0114153;18,21;11,755;31,88;0;270;0;9,364226
11;VRslow;2;536;0,0127327;18,21;11,755;31,88;0;270;0;9,376957
11;VRslow;2;537;0,0089166;18,21;11,755;31,88;0;270;0;9,385951
11;VRslow;2;538;0,0111528;18,21;11,755;31,88;0;270;0;9,397024
11;VRslow;2;539;0,0111911;18,21;11,755;31,88;0;270;0;9,408208
11;VRslow;2;540;0,0110059;18,21;11,755;31,88;0;270;0;9,41923
11;VRslow;2;541;0,0115256;18,21;11,755;31,88;0;270;0;9,430773
11;VRslow;2;542;0,0112597;18,21;11,755;31,88;0;270;0;9,442066
11;VRslow;2;543;0,0106465;18,21;11,755;31,88;0;270;0;9,452662
11;VRslow;2;544;0,0114068;18,21;11,755;31,88;0;270;0;9,46405
11;VRslow;2;545;0,0114517;18,21;11,755;31,88;0;270;0;9,475496
11;VRslow;2;546;0,0110542;18,21;11,755;31,88;0;270;0;9,486554
11;VRslow;2;547;0,0115875;18,21;11,755;31,88;0;270;0;9,498157
11;VRslow;2;548;0,0109536;18,21;11,755;31,88;0;270;0;9,509109
11;VRslow;2;549;0,0106688;18,21;11,755;31,88;0;270;0;9,519826
11;VRslow;2;550;0,011209;18,21;11,755;31,88;0;270;0;9,530972
11;VRslow;2;551;0,0113349;18,21;11,755;31,88;0;270;0;9,542331
11;VRslow;2;552;0,0119441;18,21;11,755;31,88;0;270;0;9,554269
11;VRslow;2;553;0,0103331;18,21;11,755;31,88;0;270;0;9,564587
11;VRslow;2;554;0,0112037;18,21;11,755;31,88;0;270;0;9,57585
11;VRslow;2;555;0,0109285;18,21;11,755;31,88;0;270;0;9,586733
11;VRslow;2;556;0,0112138;18,21;11,755;31,88;0;270;0;9,597956
11;VRslow;2;557;0,0114026;18,21;11,755;31,88;0;270;0;9,609334
11;VRslow;2;558;0,011155;18,21;11,755;31,88;0;270;0;9,620485
11;VRslow;2;559;0,0118311;18,21;11,755;31,88;0;270;0;9,632321
11;VRslow;2;560;0,0107719;18,21;11,755;31,88;0;270;0;9,643412
11;VRslow;2;561;0,0105764;18,21;11,755;31,88;0;270;0;9,653703
11;VRslow;2;562;0,0114722;18,21;11,755;31,88;0;270;0;9,66515
11;VRslow;2;563;0,0112211;18,21;11,755;31,88;0;270;0;9,676394
11;VRslow;2;564;0,0110511;18,21;11,755;31,88;0;270;0;9,687436
11;VRslow;2;565;0,0117608;18,21;11,755;31,88;0;270;0;9,69919
11;VRslow;2;566;0,0109248;18,21;11,755;31,88;0;270;0;9,710116
11;VRslow;2;567;0,0107118;18,21;11,755;31,88;0;270;0;9,72082
11;VRslow;2;568;0,0112647;18,21;11,755;31,88;0;270;0;9,732095
11;VRslow;2;569;0,0112903;18,21;11,755;31,88;0;270;0;9,743367
11;VRslow;2;570;0,0120039;18,21;11,755;31,88;0;270;0;9,755429
11;VRslow;2;571;0,0103321;18,21;11,755;31,88;0;270;0;9,765705
11;VRslow;2;572;0,0115249;18,21;11,755;31,88;0;270;0;9,777233
11;VRslow;2;573;0,0109925;18,21;11,755;31,88;0;270;0;9,788265
11;VRslow;2;574;0,0111333;18,21;11,755;31,88;0;270;0;9,799355
11;VRslow;2;575;0,0115545;18,21;11,755;31,88;0;270;0;9,810908
11;VRslow;2;576;0,0107835;18,21;11,755;31,88;0;270;0;9,821785
11;VRslow;2;577;0,0111416;18,21;11,755;31,88;0;270;0;9,83285
11;VRslow;2;578;0,0109183;18,21;11,755;31,88;0;270;0;9,843765
11;VRslow;2;579;0,0114782;18,21;11,755;31,88;0;270;0;9,855239
11;VRslow;2;580;0,0108947;18,21;11,755;31,88;0;270;0;9,866126
11;VRslow;2;581;0,0124116;18,21;11,755;31,88;0;270;0;9,878744
11;VRslow;2;582;0,010169;18,21;11,755;31,88;0;270;0;9,888563
11;VRslow;2;583;0,0108897;18,21;11,755;31,88;0;270;0;9,899601
11;VRslow;2;584;0,011543;18,21;11,755;31,88;0;270;0;9,911125
11;VRslow;2;585;0,0108648;18,21;11,755;31,88;0;270;0;9,922028
11;VRslow;2;586;0,0111034;18,21;11,755;31,88;0;270;0;9,933166
11;VRslow;2;587;0,0111558;18,21;11,755;31,88;0;270;0;9,944294
11;VRslow;2;588;0,0112875;18,21;11,755;31,88;0;270;0;9,955557
11;VRslow;2;589;0,0109175;18,21;11,755;31,88;0;270;0;9,96646
11;VRslow;2;590;0,0113473;18,21;11,755;31,88;0;270;0;9,977836
11;VRslow;2;591;0,011477;18,21;11,755;31,88;0;270;0;9,989288
11;VRslow;2;592;0,0106628;18,21;11,755;31,88;0;270;0;9,999979
11;VRslow;2;593;0,0114259;18,21;11,755;31,88;0;270;0;10,01139
11;VRslow;2;594;0,0111369;18,21;11,755;31,88;0;270;0;10,02253
11;VRslow;2;595;0,0111659;18,21;11,755;31,88;0;270;0;10,03368
11;VRslow;2;596;0,0119985;18,21;11,755;31,88;0;270;0;10,04582
11;VRslow;2;597;0,0103845;18,21;11,755;31,88;0;270;0;10,05591
11;VRslow;2;598;0,0109613;18,21;11,755;31,88;0;270;0;10,06705
11;VRslow;2;599;0,0112767;18,21;11,755;31,88;0;270;0;10,07832
11;VRslow;2;600;0,0111143;18,21;11,755;31,88;0;270;0;10,08944
11;VRslow;2;601;0,0121407;18,21;11,755;31,88;0;270;0;10,10168
11;VRslow;2;602;0,0101592;18,21;11,755;31,88;0;270;0;10,11173
11;VRslow;2;603;0,0112841;18,21;11,755;31,88;0;270;0;10,12301
11;VRslow;2;604;0,0110004;18,21;11,755;31,88;0;270;0;10,13403
11;VRslow;2;605;0,0114557;18,21;11,755;31,88;0;270;0;10,14546
11;VRslow;2;606;0,0111907;18,21;11,755;31,88;0;270;0;10,15664
11;VRslow;2;607;0,0118515;18,21;11,755;31,88;0;270;0;10,16851
11;VRslow;2;608;0,0104339;18,21;11,755;31,88;0;270;0;10,17895
11;VRslow;2;609;0,0117928;18,21;11,755;31,88;0;270;0;10,19072
11;VRslow;2;610;0,0109441;18,21;11,755;31,88;0;270;0;10,20167
11;VRslow;2;611;0,0107275;18,21;11,755;31,88;0;270;0;10,21242
11;VRslow;2;612;0,0113778;18,21;11,755;31,88;0;270;0;10,22379
11;VRslow;2;613;0,0108216;18,21;11,755;31,88;0;270;0;10,23458
11;VRslow;2;614;0,0124337;18,21;11,755;31,88;0;270;0;10,24703
11;VRslow;2;615;0,0103877;18,21;11,755;31,88;0;270;0;10,25742
11;VRslow;2;616;0,011126;18,21;11,755;31,88;0;270;0;10,26854
11;VRslow;2;617;0,010796;18,21;11,755;31,88;0;270;0;10,27935
11;VRslow;2;618;0,0116509;18,21;11,755;31,88;0;270;0;10,291
11;VRslow;2;619;0,0105511;18,21;11,755;31,88;0;270;0;10,3016
11;VRslow;2;620;0,0112717;18,21;11,755;31,88;0;270;0;10,31281
11;VRslow;2;621;0,0120383;18,21;11,755;31,88;0;270;0;10,32487
11;VRslow;2;622;0,0109805;18,21;11,755;31,88;0;270;0;10,33583
11;VRslow;2;623;0,0103408;18,21;11,755;31,88;0;270;0;10,34616
11;VRslow;2;624;0,0113953;18,21;11,755;31,88;0;270;0;10,35756
11;VRslow;2;625;0,0110475;18,21;11,755;31,88;0;270;0;10,36862
11;VRslow;2;626;0,0116871;18,21;11,755;31,88;0;270;0;10,38032
11;VRslow;2;627;0,01081;18,21;11,755;31,88;0;270;0;10,39112
11;VRslow;2;628;0,0110342;18,21;11,755;31,88;0;270;0;10,40213
11;VRslow;2;629;0,011849;18,21;11,755;31,88;0;270;0;10,41401
11;VRslow;2;630;0,0106103;18,21;11,755;31,88;0;270;0;10,42465
11;VRslow;2;631;0,01105;18,21;11,755;31,88;0;270;0;10,43564
11;VRslow;2;632;0,0111497;18,21;11,755;31,88;0;270;0;10,44679
11;VRslow;2;633;0,0111341;18,21;11,755;31,88;0;270;0;10,45802
11;VRslow;2;634;0,0114924;18,21;11,755;31,88;0;270;0;10,46945
11;VRslow;2;635;0,0112314;18,21;11,755;31,88;0;270;0;10,48065
11;VRslow;2;636;0,0118676;18,21;11,755;31,88;0;270;0;10,49253
11;VRslow;2;637;0,0102012;18,21;11,755;31,88;0;270;0;10,50274
11;VRslow;2;638;0,0113923;18,21;11,755;31,88;0;270;0;10,51414
11;VRslow;2;639;0,0111474;18,21;11,755;31,88;0;270;0;10,52528
11;VRslow;2;640;0,0115711;18,21;11,755;31,88;0;270;0;10,53685
11;VRslow;2;641;0,0106709;18,21;11,755;31,88;0;270;0;10,54752
11;VRslow;2;642;0,0112478;18,21;11,755;31,88;0;270;0;10,55879
11;VRslow;2;643;0,0111813;18,21;11,755;31,88;0;270;0;10,56995
11;VRslow;2;644;0,0121337;18,21;11,755;31,88;0;270;0;10,58207
11;VRslow;2;645;0,0100707;18,21;11,755;31,88;0;270;0;10,59214
11;VRslow;2;646;0,0111701;18,21;11,755;31,88;0;270;0;10,60571
11;VRslow;2;647;0,0201135;18,21;11,755;31,88;0;270;0;10,62441
11;VRslow;2;648;0,0058205;18,21;11,755;31,88;0;270;0;10,62909
11;VRslow;2;649;0,0073234;18,21;11,755;31,88;0;270;0;10,63657
11;VRslow;2;650;0,0087919;18,21;11,755;31,88;0;270;0;10,64567
11;VRslow;2;651;0,0113916;18,21;11,755;31,88;0;270;0;10,65676
11;VRslow;2;652;0,010857;18,21;11,755;31,88;0;270;0;10,66763
11;VRslow;2;653;0,0112787;18,21;11,755;31,88;0;270;0;10,6789
11;VRslow;2;654;0,0113389;18,21;11,755;31,88;0;270;0;10,69025
11;VRslow;2;655;0,0229723;18,21;11,755;31,88;0;270;0;10,71461
